<?xml version="1.0" encoding="utf-8"?>
<OfferPackage xmlns="clr-namespace:Cdiscount.Service.OfferIntegration.Pivot;assembly=Cdiscount.Service.OfferIntegration" Name="Offers from Demo-Amazon" PurgeAndReplace="false" xmlns:x="http://schemas.microsoft.com/winfx/2006/xaml">
  <OfferPackage.Offers>
    <OfferCollection Capacity="47">
      <Offer DeaTax="0" EcoPart="0.00" PreparationTime="6" Price="145.00" ProductCondition="6" SellerProductId="F15HV07_44" Stock="1002" Vat="20">
        <Offer.ShippingInformationList>
          <ShippingInformationList Capacity="2">
            <ShippingInformation AdditionalShippingCharges="5.00" DeliveryMode="Tracked" ShippingCharges="0.00"/>
            <ShippingInformation AdditionalShippingCharges="5.00" DeliveryMode="Registered" ShippingCharges="0.00"/>
          </ShippingInformationList>
        </Offer.ShippingInformationList>
      </Offer>
      <Offer DeaTax="0" EcoPart="0.00" PreparationTime="6" Price="145.00" ProductCondition="6" SellerProductId="F15HV07_46" Stock="0" Vat="20">
        <Offer.ShippingInformationList>
          <ShippingInformationList Capacity="2">
            <ShippingInformation AdditionalShippingCharges="5.00" DeliveryMode="Tracked" ShippingCharges="0.00"/>
            <ShippingInformation AdditionalShippingCharges="5.00" DeliveryMode="Registered" ShippingCharges="0.00"/>
          </ShippingInformationList>
        </Offer.ShippingInformationList>
      </Offer>
      <Offer DeaTax="0" EcoPart="0.00" PreparationTime="6" Price="145.00" ProductCondition="6" SellerProductId="F15HV07_48" Stock="884" Vat="20">
        <Offer.ShippingInformationList>
          <ShippingInformationList Capacity="2">
            <ShippingInformation AdditionalShippingCharges="5.00" DeliveryMode="Tracked" ShippingCharges="0.00"/>
            <ShippingInformation AdditionalShippingCharges="5.00" DeliveryMode="Registered" ShippingCharges="0.00"/>
          </ShippingInformationList>
        </Offer.ShippingInformationList>
      </Offer>
      <Offer DeaTax="0" EcoPart="0.00" PreparationTime="6" Price="145.00" ProductCondition="6" SellerProductId="F15HV07_50" Stock="0" Vat="20">
        <Offer.ShippingInformationList>
          <ShippingInformationList Capacity="2">
            <ShippingInformation AdditionalShippingCharges="5.00" DeliveryMode="Tracked" ShippingCharges="0.00"/>
            <ShippingInformation AdditionalShippingCharges="5.00" DeliveryMode="Registered" ShippingCharges="0.00"/>
          </ShippingInformationList>
        </Offer.ShippingInformationList>
      </Offer>
      <Offer DeaTax="0" EcoPart="0.00" PreparationTime="6" Price="145.00" ProductCondition="6" SellerProductId="F15HV07_52" Stock="664" Vat="20">
        <Offer.ShippingInformationList>
          <ShippingInformationList Capacity="2">
            <ShippingInformation AdditionalShippingCharges="5.00" DeliveryMode="Tracked" ShippingCharges="0.00"/>
            <ShippingInformation AdditionalShippingCharges="5.00" DeliveryMode="Registered" ShippingCharges="0.00"/>
          </ShippingInformationList>
        </Offer.ShippingInformationList>
      </Offer>
      <Offer DeaTax="0" EcoPart="0.00" PreparationTime="6" Price="145.00" ProductCondition="6" SellerProductId="P-0-6" Stock="0" Vat="20">
        <Offer.ShippingInformationList>
          <ShippingInformationList Capacity="2">
            <ShippingInformation AdditionalShippingCharges="5.00" DeliveryMode="Tracked" ShippingCharges="0.00"/>
            <ShippingInformation AdditionalShippingCharges="5.00" DeliveryMode="Registered" ShippingCharges="0.00"/>
          </ShippingInformationList>
        </Offer.ShippingInformationList>
      </Offer>
      <Offer DeaTax="0" EcoPart="0.00" PreparationTime="6" Price="32.40" ProductCondition="6" SellerProductId="P-0-7" Stock="286" Vat="20">
        <Offer.ShippingInformationList>
          <ShippingInformationList Capacity="2">
            <ShippingInformation AdditionalShippingCharges="5.00" DeliveryMode="Tracked" ShippingCharges="11.00"/>
            <ShippingInformation AdditionalShippingCharges="5.00" DeliveryMode="Registered" ShippingCharges="5.00"/>
          </ShippingInformationList>
        </Offer.ShippingInformationList>
      </Offer>
      <Offer DeaTax="0" EcoPart="0.00" PreparationTime="6" Price="32.40" ProductCondition="6" SellerProductId="3700372705394" Stock="285" Vat="20">
        <Offer.ShippingInformationList>
          <ShippingInformationList Capacity="2">
            <ShippingInformation AdditionalShippingCharges="5.00" DeliveryMode="Tracked" ShippingCharges="11.00"/>
            <ShippingInformation AdditionalShippingCharges="5.00" DeliveryMode="Registered" ShippingCharges="5.00"/>
          </ShippingInformationList>
        </Offer.ShippingInformationList>
      </Offer>
      <Offer DeaTax="0" EcoPart="0.00" PreparationTime="6" Price="32.40" ProductCondition="6" SellerProductId="0889698108478" Stock="282" Vat="20">
        <Offer.ShippingInformationList>
          <ShippingInformationList Capacity="2">
            <ShippingInformation AdditionalShippingCharges="5.00" DeliveryMode="Tracked" ShippingCharges="11.00"/>
            <ShippingInformation AdditionalShippingCharges="5.00" DeliveryMode="Registered" ShippingCharges="5.00"/>
          </ShippingInformationList>
        </Offer.ShippingInformationList>
      </Offer>
      <Offer DeaTax="0" EcoPart="0.00" PreparationTime="6" Price="32.40" ProductCondition="6" SellerProductId="0849803053253" Stock="0" Vat="20">
        <Offer.ShippingInformationList>
          <ShippingInformationList Capacity="2">
            <ShippingInformation AdditionalShippingCharges="5.00" DeliveryMode="Tracked" ShippingCharges="11.00"/>
            <ShippingInformation AdditionalShippingCharges="5.00" DeliveryMode="Registered" ShippingCharges="5.00"/>
          </ShippingInformationList>
        </Offer.ShippingInformationList>
      </Offer>
      <Offer DeaTax="0" EcoPart="0.00" PreparationTime="6" Price="32.40" ProductCondition="6" SellerProductId="4051957039601" Stock="293" Vat="20">
        <Offer.ShippingInformationList>
          <ShippingInformationList Capacity="2">
            <ShippingInformation AdditionalShippingCharges="5.00" DeliveryMode="Tracked" ShippingCharges="11.00"/>
            <ShippingInformation AdditionalShippingCharges="5.00" DeliveryMode="Registered" ShippingCharges="5.00"/>
          </ShippingInformationList>
        </Offer.ShippingInformationList>
      </Offer>
      <Offer DeaTax="0" EcoPart="0.00" PreparationTime="6" Price="32.40" ProductCondition="6" SellerProductId="0849803083199" Stock="287" Vat="20">
        <Offer.ShippingInformationList>
          <ShippingInformationList Capacity="2">
            <ShippingInformation AdditionalShippingCharges="5.00" DeliveryMode="Tracked" ShippingCharges="11.00"/>
            <ShippingInformation AdditionalShippingCharges="5.00" DeliveryMode="Registered" ShippingCharges="5.00"/>
          </ShippingInformationList>
        </Offer.ShippingInformationList>
      </Offer>
      <Offer DeaTax="0" EcoPart="0.00" PreparationTime="6" Price="31.20" ProductCondition="6" SellerProductId="8436546895244" Stock="290" Vat="20">
        <Offer.ShippingInformationList>
          <ShippingInformationList Capacity="2">
            <ShippingInformation AdditionalShippingCharges="5.00" DeliveryMode="Tracked" ShippingCharges="11.00"/>
            <ShippingInformation AdditionalShippingCharges="5.00" DeliveryMode="Registered" ShippingCharges="5.00"/>
          </ShippingInformationList>
        </Offer.ShippingInformationList>
      </Offer>
      <Offer DeaTax="0" EcoPart="0.00" PreparationTime="6" Price="31.20" ProductCondition="6" SellerProductId="3700936104380" Stock="296" Vat="20">
        <Offer.ShippingInformationList>
          <ShippingInformationList Capacity="2">
            <ShippingInformation AdditionalShippingCharges="5.00" DeliveryMode="Tracked" ShippingCharges="11.00"/>
            <ShippingInformation AdditionalShippingCharges="5.00" DeliveryMode="Registered" ShippingCharges="5.00"/>
          </ShippingInformationList>
        </Offer.ShippingInformationList>
      </Offer>
      <Offer DeaTax="0" EcoPart="0.00" PreparationTime="6" Price="31.20" ProductCondition="6" SellerProductId="P-0-15" Stock="295" Vat="20">
        <Offer.ShippingInformationList>
          <ShippingInformationList Capacity="2">
            <ShippingInformation AdditionalShippingCharges="5.00" DeliveryMode="Tracked" ShippingCharges="11.00"/>
            <ShippingInformation AdditionalShippingCharges="5.00" DeliveryMode="Registered" ShippingCharges="5.00"/>
          </ShippingInformationList>
        </Offer.ShippingInformationList>
      </Offer>
      <Offer DeaTax="0" EcoPart="0.00" PreparationTime="6" Price="61.19" ProductCondition="6" SellerProductId="40577" Stock="289" Vat="20">
        <Offer.ShippingInformationList>
          <ShippingInformationList Capacity="2">
            <ShippingInformation AdditionalShippingCharges="5.00" DeliveryMode="Tracked" ShippingCharges="11.00"/>
            <ShippingInformation AdditionalShippingCharges="5.00" DeliveryMode="Registered" ShippingCharges="5.00"/>
          </ShippingInformationList>
        </Offer.ShippingInformationList>
      </Offer>
      <Offer DeaTax="0" EcoPart="0.00" PreparationTime="6" Price="61.19" ProductCondition="6" SellerProductId="41425" Stock="295" Vat="20">
        <Offer.ShippingInformationList>
          <ShippingInformationList Capacity="2">
            <ShippingInformation AdditionalShippingCharges="5.00" DeliveryMode="Tracked" ShippingCharges="11.00"/>
            <ShippingInformation AdditionalShippingCharges="5.00" DeliveryMode="Registered" ShippingCharges="5.00"/>
          </ShippingInformationList>
        </Offer.ShippingInformationList>
      </Offer>
      <Offer DeaTax="0" EcoPart="0.00" PreparationTime="6" Price="61.19" ProductCondition="6" SellerProductId="42070" Stock="296" Vat="20">
        <Offer.ShippingInformationList>
          <ShippingInformationList Capacity="2">
            <ShippingInformation AdditionalShippingCharges="5.00" DeliveryMode="Tracked" ShippingCharges="11.00"/>
            <ShippingInformation AdditionalShippingCharges="5.00" DeliveryMode="Registered" ShippingCharges="5.00"/>
          </ShippingInformationList>
        </Offer.ShippingInformationList>
      </Offer>
      <Offer DeaTax="0" EcoPart="0.00" PreparationTime="6" Price="61.19" ProductCondition="6" SellerProductId="41595" Stock="0" Vat="20">
        <Offer.ShippingInformationList>
          <ShippingInformationList Capacity="2">
            <ShippingInformation AdditionalShippingCharges="5.00" DeliveryMode="Tracked" ShippingCharges="11.00"/>
            <ShippingInformation AdditionalShippingCharges="5.00" DeliveryMode="Registered" ShippingCharges="5.00"/>
          </ShippingInformationList>
        </Offer.ShippingInformationList>
      </Offer>
      <Offer DeaTax="0" EcoPart="0.00" PreparationTime="6" Price="61.19" ProductCondition="6" SellerProductId="P-0-44" Stock="0" Vat="20">
        <Offer.ShippingInformationList>
          <ShippingInformationList Capacity="2">
            <ShippingInformation AdditionalShippingCharges="5.00" DeliveryMode="Tracked" ShippingCharges="11.00"/>
            <ShippingInformation AdditionalShippingCharges="5.00" DeliveryMode="Registered" ShippingCharges="5.00"/>
          </ShippingInformationList>
        </Offer.ShippingInformationList>
      </Offer>
      <Offer DeaTax="0" EcoPart="0.00" PreparationTime="6" Price="61.19" ProductCondition="6" SellerProductId="P-0-45" Stock="0" Vat="20">
        <Offer.ShippingInformationList>
          <ShippingInformationList Capacity="2">
            <ShippingInformation AdditionalShippingCharges="5.00" DeliveryMode="Tracked" ShippingCharges="11.00"/>
            <ShippingInformation AdditionalShippingCharges="5.00" DeliveryMode="Registered" ShippingCharges="5.00"/>
          </ShippingInformationList>
        </Offer.ShippingInformationList>
      </Offer>
      <Offer DeaTax="0" EcoPart="0.00" PreparationTime="6" Price="36.59" ProductCondition="6" SellerProductId="P-0-19" Stock="289" Vat="20">
        <Offer.ShippingInformationList>
          <ShippingInformationList Capacity="2">
            <ShippingInformation AdditionalShippingCharges="5.00" DeliveryMode="Tracked" ShippingCharges="11.00"/>
            <ShippingInformation AdditionalShippingCharges="5.00" DeliveryMode="Registered" ShippingCharges="5.00"/>
          </ShippingInformationList>
        </Offer.ShippingInformationList>
      </Offer>
      <Offer DeaTax="0" EcoPart="0.00" PreparationTime="6" Price="36.59" ProductCondition="6" SellerProductId="P-0-20" Stock="277" Vat="20">
        <Offer.ShippingInformationList>
          <ShippingInformationList Capacity="2">
            <ShippingInformation AdditionalShippingCharges="5.00" DeliveryMode="Tracked" ShippingCharges="11.00"/>
            <ShippingInformation AdditionalShippingCharges="5.00" DeliveryMode="Registered" ShippingCharges="5.00"/>
          </ShippingInformationList>
        </Offer.ShippingInformationList>
      </Offer>
      <Offer DeaTax="0" EcoPart="0.00" PreparationTime="6" Price="36.59" ProductCondition="6" SellerProductId="P-0-21" Stock="277" Vat="20">
        <Offer.ShippingInformationList>
          <ShippingInformationList Capacity="2">
            <ShippingInformation AdditionalShippingCharges="5.00" DeliveryMode="Tracked" ShippingCharges="11.00"/>
            <ShippingInformation AdditionalShippingCharges="5.00" DeliveryMode="Registered" ShippingCharges="5.00"/>
          </ShippingInformationList>
        </Offer.ShippingInformationList>
      </Offer>
      <Offer DeaTax="0" EcoPart="0.00" PreparationTime="6" Price="36.59" ProductCondition="6" SellerProductId="P-0-22" Stock="287" Vat="20">
        <Offer.ShippingInformationList>
          <ShippingInformationList Capacity="2">
            <ShippingInformation AdditionalShippingCharges="5.00" DeliveryMode="Tracked" ShippingCharges="11.00"/>
            <ShippingInformation AdditionalShippingCharges="5.00" DeliveryMode="Registered" ShippingCharges="5.00"/>
          </ShippingInformationList>
        </Offer.ShippingInformationList>
      </Offer>
      <Offer DeaTax="0" EcoPart="0.00" PreparationTime="6" Price="36.59" ProductCondition="6" SellerProductId="P-0-23" Stock="283" Vat="20">
        <Offer.ShippingInformationList>
          <ShippingInformationList Capacity="2">
            <ShippingInformation AdditionalShippingCharges="5.00" DeliveryMode="Tracked" ShippingCharges="11.00"/>
            <ShippingInformation AdditionalShippingCharges="5.00" DeliveryMode="Registered" ShippingCharges="5.00"/>
          </ShippingInformationList>
        </Offer.ShippingInformationList>
      </Offer>
      <Offer DeaTax="0" EcoPart="0.00" PreparationTime="6" Price="36.59" ProductCondition="6" SellerProductId="P-0-24" Stock="280" Vat="20">
        <Offer.ShippingInformationList>
          <ShippingInformationList Capacity="2">
            <ShippingInformation AdditionalShippingCharges="5.00" DeliveryMode="Tracked" ShippingCharges="11.00"/>
            <ShippingInformation AdditionalShippingCharges="5.00" DeliveryMode="Registered" ShippingCharges="5.00"/>
          </ShippingInformationList>
        </Offer.ShippingInformationList>
      </Offer>
      <Offer DeaTax="0" EcoPart="0.00" PreparationTime="6" Price="36.59" ProductCondition="6" SellerProductId="P-0-25" Stock="279" Vat="20">
        <Offer.ShippingInformationList>
          <ShippingInformationList Capacity="2">
            <ShippingInformation AdditionalShippingCharges="5.00" DeliveryMode="Tracked" ShippingCharges="11.00"/>
            <ShippingInformation AdditionalShippingCharges="5.00" DeliveryMode="Registered" ShippingCharges="5.00"/>
          </ShippingInformationList>
        </Offer.ShippingInformationList>
      </Offer>
      <Offer DeaTax="0" EcoPart="0.00" PreparationTime="6" Price="36.59" ProductCondition="6" SellerProductId="P-0-26" Stock="274" Vat="20">
        <Offer.ShippingInformationList>
          <ShippingInformationList Capacity="2">
            <ShippingInformation AdditionalShippingCharges="5.00" DeliveryMode="Tracked" ShippingCharges="11.00"/>
            <ShippingInformation AdditionalShippingCharges="5.00" DeliveryMode="Registered" ShippingCharges="5.00"/>
          </ShippingInformationList>
        </Offer.ShippingInformationList>
      </Offer>
      <Offer DeaTax="0" EcoPart="0.00" PreparationTime="6" Price="36.59" ProductCondition="6" SellerProductId="P-0-27" Stock="285" Vat="20">
        <Offer.ShippingInformationList>
          <ShippingInformationList Capacity="2">
            <ShippingInformation AdditionalShippingCharges="5.00" DeliveryMode="Tracked" ShippingCharges="11.00"/>
            <ShippingInformation AdditionalShippingCharges="5.00" DeliveryMode="Registered" ShippingCharges="5.00"/>
          </ShippingInformationList>
        </Offer.ShippingInformationList>
      </Offer>
      <Offer DeaTax="0" EcoPart="0.00" PreparationTime="6" Price="36.59" ProductCondition="6" SellerProductId="P-0-28" Stock="290" Vat="20">
        <Offer.ShippingInformationList>
          <ShippingInformationList Capacity="2">
            <ShippingInformation AdditionalShippingCharges="5.00" DeliveryMode="Tracked" ShippingCharges="11.00"/>
            <ShippingInformation AdditionalShippingCharges="5.00" DeliveryMode="Registered" ShippingCharges="5.00"/>
          </ShippingInformationList>
        </Offer.ShippingInformationList>
      </Offer>
      <Offer DeaTax="0" EcoPart="0.00" PreparationTime="6" Price="36.59" ProductCondition="6" SellerProductId="P-0-29" Stock="283" Vat="20">
        <Offer.ShippingInformationList>
          <ShippingInformationList Capacity="2">
            <ShippingInformation AdditionalShippingCharges="5.00" DeliveryMode="Tracked" ShippingCharges="11.00"/>
            <ShippingInformation AdditionalShippingCharges="5.00" DeliveryMode="Registered" ShippingCharges="5.00"/>
          </ShippingInformationList>
        </Offer.ShippingInformationList>
      </Offer>
      <Offer DeaTax="0" EcoPart="0.00" PreparationTime="6" Price="36.59" ProductCondition="6" SellerProductId="P-0-30" Stock="287" Vat="20">
        <Offer.ShippingInformationList>
          <ShippingInformationList Capacity="2">
            <ShippingInformation AdditionalShippingCharges="5.00" DeliveryMode="Tracked" ShippingCharges="11.00"/>
            <ShippingInformation AdditionalShippingCharges="5.00" DeliveryMode="Registered" ShippingCharges="5.00"/>
          </ShippingInformationList>
        </Offer.ShippingInformationList>
      </Offer>
      <Offer DeaTax="0" EcoPart="0.00" PreparationTime="6" Price="36.60" ProductCondition="6" SellerProductId="P-0-31" Stock="298" Vat="20">
        <Offer.ShippingInformationList>
          <ShippingInformationList Capacity="2">
            <ShippingInformation AdditionalShippingCharges="5.00" DeliveryMode="Tracked" ShippingCharges="11.00"/>
            <ShippingInformation AdditionalShippingCharges="5.00" DeliveryMode="Registered" ShippingCharges="5.00"/>
          </ShippingInformationList>
        </Offer.ShippingInformationList>
      </Offer>
      <Offer DeaTax="0" EcoPart="0.00" PreparationTime="6" Price="36.60" ProductCondition="6" SellerProductId="P-0-32" Stock="297" Vat="20">
        <Offer.ShippingInformationList>
          <ShippingInformationList Capacity="2">
            <ShippingInformation AdditionalShippingCharges="5.00" DeliveryMode="Tracked" ShippingCharges="11.00"/>
            <ShippingInformation AdditionalShippingCharges="5.00" DeliveryMode="Registered" ShippingCharges="5.00"/>
          </ShippingInformationList>
        </Offer.ShippingInformationList>
      </Offer>
      <Offer DeaTax="0" EcoPart="0.00" PreparationTime="6" Price="36.60" ProductCondition="6" SellerProductId="P-0-33" Stock="290" Vat="20">
        <Offer.ShippingInformationList>
          <ShippingInformationList Capacity="2">
            <ShippingInformation AdditionalShippingCharges="5.00" DeliveryMode="Tracked" ShippingCharges="11.00"/>
            <ShippingInformation AdditionalShippingCharges="5.00" DeliveryMode="Registered" ShippingCharges="5.00"/>
          </ShippingInformationList>
        </Offer.ShippingInformationList>
      </Offer>
      <Offer DeaTax="0" EcoPart="0.00" PreparationTime="6" Price="36.60" ProductCondition="6" SellerProductId="P-0-40" Stock="0" Vat="20">
        <Offer.ShippingInformationList>
          <ShippingInformationList Capacity="2">
            <ShippingInformation AdditionalShippingCharges="5.00" DeliveryMode="Tracked" ShippingCharges="11.00"/>
            <ShippingInformation AdditionalShippingCharges="5.00" DeliveryMode="Registered" ShippingCharges="5.00"/>
          </ShippingInformationList>
        </Offer.ShippingInformationList>
      </Offer>
      <Offer DeaTax="0" EcoPart="0.00" PreparationTime="6" Price="36.60" ProductCondition="6" SellerProductId="P-0-41" Stock="0" Vat="20">
        <Offer.ShippingInformationList>
          <ShippingInformationList Capacity="2">
            <ShippingInformation AdditionalShippingCharges="5.00" DeliveryMode="Tracked" ShippingCharges="11.00"/>
            <ShippingInformation AdditionalShippingCharges="5.00" DeliveryMode="Registered" ShippingCharges="5.00"/>
          </ShippingInformationList>
        </Offer.ShippingInformationList>
      </Offer>
      <Offer DeaTax="0" EcoPart="0.00" PreparationTime="6" Price="36.60" ProductCondition="6" SellerProductId="P-0-42" Stock="0" Vat="20">
        <Offer.ShippingInformationList>
          <ShippingInformationList Capacity="2">
            <ShippingInformation AdditionalShippingCharges="5.00" DeliveryMode="Tracked" ShippingCharges="11.00"/>
            <ShippingInformation AdditionalShippingCharges="5.00" DeliveryMode="Registered" ShippingCharges="5.00"/>
          </ShippingInformationList>
        </Offer.ShippingInformationList>
      </Offer>
      <Offer DeaTax="0" EcoPart="0.00" IsCDAV="true" PreparationTime="6" Price="24.60" ProductCondition="6" SellerProductId="P-0-34" Stock="293" Vat="20">
        <Offer.ShippingInformationList>
          <ShippingInformationList Capacity="2">
            <ShippingInformation AdditionalShippingCharges="5.00" DeliveryMode="Tracked" ShippingCharges="11.00"/>
            <ShippingInformation AdditionalShippingCharges="5.00" DeliveryMode="Registered" ShippingCharges="5.00"/>
          </ShippingInformationList>
        </Offer.ShippingInformationList>
      </Offer>
      <Offer DeaTax="0" EcoPart="0.00" IsCDAV="true" PreparationTime="6" Price="24.60" ProductCondition="6" SellerProductId="P-0-35" Stock="285" Vat="20">
        <Offer.ShippingInformationList>
          <ShippingInformationList Capacity="2">
            <ShippingInformation AdditionalShippingCharges="5.00" DeliveryMode="Tracked" ShippingCharges="11.00"/>
            <ShippingInformation AdditionalShippingCharges="5.00" DeliveryMode="Registered" ShippingCharges="5.00"/>
          </ShippingInformationList>
        </Offer.ShippingInformationList>
      </Offer>
      <Offer DeaTax="0" EcoPart="0.00" IsCDAV="true" PreparationTime="6" Price="24.60" ProductCondition="6" SellerProductId="P-0-36" Stock="290" Vat="20">
        <Offer.ShippingInformationList>
          <ShippingInformationList Capacity="2">
            <ShippingInformation AdditionalShippingCharges="5.00" DeliveryMode="Tracked" ShippingCharges="11.00"/>
            <ShippingInformation AdditionalShippingCharges="5.00" DeliveryMode="Registered" ShippingCharges="5.00"/>
          </ShippingInformationList>
        </Offer.ShippingInformationList>
      </Offer>
      <Offer DeaTax="0" EcoPart="0.00" IsCDAV="true" PreparationTime="6" Price="24.60" ProductCondition="6" SellerProductId="P-0-37" Stock="292" Vat="20">
        <Offer.ShippingInformationList>
          <ShippingInformationList Capacity="2">
            <ShippingInformation AdditionalShippingCharges="5.00" DeliveryMode="Tracked" ShippingCharges="11.00"/>
            <ShippingInformation AdditionalShippingCharges="5.00" DeliveryMode="Registered" ShippingCharges="5.00"/>
          </ShippingInformationList>
        </Offer.ShippingInformationList>
      </Offer>
      <Offer DeaTax="0" EcoPart="0.00" IsCDAV="true" PreparationTime="6" Price="24.60" ProductCondition="6" SellerProductId="P-0-38" Stock="290" Vat="20">
        <Offer.ShippingInformationList>
          <ShippingInformationList Capacity="2">
            <ShippingInformation AdditionalShippingCharges="5.00" DeliveryMode="Tracked" ShippingCharges="11.00"/>
            <ShippingInformation AdditionalShippingCharges="5.00" DeliveryMode="Registered" ShippingCharges="5.00"/>
          </ShippingInformationList>
        </Offer.ShippingInformationList>
      </Offer>
      <Offer DeaTax="0" EcoPart="0.00" IsCDAV="true" PreparationTime="6" Price="24.60" ProductCondition="6" SellerProductId="P-0-39" Stock="289" Vat="20">
        <Offer.ShippingInformationList>
          <ShippingInformationList Capacity="2">
            <ShippingInformation AdditionalShippingCharges="5.00" DeliveryMode="Tracked" ShippingCharges="11.00"/>
            <ShippingInformation AdditionalShippingCharges="5.00" DeliveryMode="Registered" ShippingCharges="5.00"/>
          </ShippingInformationList>
        </Offer.ShippingInformationList>
      </Offer>
      <Offer DeaTax="0" EcoPart="0.00" IsCDAV="true" PreparationTime="6" Price="15.19" ProductCondition="6" SellerProductId="C687721" Stock="0" Vat="0.00">
        <Offer.ShippingInformationList>
          <ShippingInformationList Capacity="2">
            <ShippingInformation AdditionalShippingCharges="5.00" DeliveryMode="Tracked" ShippingCharges="11.00"/>
            <ShippingInformation AdditionalShippingCharges="5.00" DeliveryMode="Registered" ShippingCharges="5.00"/>
          </ShippingInformationList>
        </Offer.ShippingInformationList>
      </Offer>
      <Offer DeaTax="0" EcoPart="0.00" IsCDAV="true" PreparationTime="6" Price="11.09" ProductCondition="6" SellerProductId="0849803054793" Stock="13" Vat="0.00">
        <Offer.ShippingInformationList>
          <ShippingInformationList Capacity="2">
            <ShippingInformation AdditionalShippingCharges="5.00" DeliveryMode="Tracked" ShippingCharges="11.00"/>
            <ShippingInformation AdditionalShippingCharges="5.00" DeliveryMode="Registered" ShippingCharges="5.00"/>
          </ShippingInformationList>
        </Offer.ShippingInformationList>
      </Offer>
    </OfferCollection>
  </OfferPackage.Offers>
</OfferPackage>
