<ProductPackage Name="Products_from_Demo-Amazon" xmlns="clr-namespace:Cdiscount.Service.ProductIntegration.Pivot;assembly=Cdiscount.Service.ProductIntegration" xmlns:x="http://schemas.microsoft.com/winfx/2006/xaml">
	<ProductPackage.Products>
	<ProductCollection Capacity="46">
		<Product SellerProductId="F15HV07_44" BrandName="Fashion Manufacturer" ProductKind="Variant" CategoryCode="10010D01" ShortLabel="T-shirt délavé à manches" LongLabel="T-shirt délavé à manches courtes (S - Orange)" Description="T-shirt délavé à manches courtes et col rond. Matière douce et extensible pour un confort inégalé. Pour un look estival, portez-le avec un chapeau de paille !" SellerProductFamily="1_1" Size="S" SellerProductColorName="Orange" Model="SOUMISSION CREATION PRODUITS_MK" Navigation="VETEMENTS - LINGERIE / MANTEAU - VESTE / IMPERMEABLE - TRENCH - CAPE DE PLUIE - COUPE VENT / IMPERMEABLE - TRENCH - CAPE DE PLUIE - COUPE VENT" Width="5" Height="10" Weight="31000">
			<Product.EanList>
				<ProductEan Ean=""/>
			</Product.EanList>
			<Product.ModelProperties>
				<x:String x:Key="Genre">Femme</x:String>
				<x:String x:Key="Type de public">Adulte</x:String>
			</Product.ModelProperties>
			<Product.Pictures>
				<ProductImage Uri="http://localhost/prestashop161/img/p/4/4.jpg"/>
			</Product.Pictures>
		</Product>
		<Product SellerProductId="F15HV07_46" BrandName="Fashion Manufacturer" ProductKind="Variant" CategoryCode="10010D01" ShortLabel="T-shirt délavé à manches" LongLabel="T-shirt délavé à manches courtes (S - Bleu)" Description="T-shirt délavé à manches courtes et col rond. Matière douce et extensible pour un confort inégalé. Pour un look estival, portez-le avec un chapeau de paille !" SellerProductFamily="1_1" Size="S" SellerProductColorName="Bleu" Model="SOUMISSION CREATION PRODUITS_MK" Navigation="VETEMENTS - LINGERIE / MANTEAU - VESTE / IMPERMEABLE - TRENCH - CAPE DE PLUIE - COUPE VENT / IMPERMEABLE - TRENCH - CAPE DE PLUIE - COUPE VENT" Width="5" Height="10" Weight="31000">
			<Product.EanList>
				<ProductEan Ean=""/>
			</Product.EanList>
			<Product.ModelProperties>
				<x:String x:Key="Genre">Femme</x:String>
				<x:String x:Key="Type de public">Adulte</x:String>
			</Product.ModelProperties>
			<Product.Pictures>
				<ProductImage Uri="http://localhost/prestashop161/img/p/4/4.jpg"/>
			</Product.Pictures>
		</Product>
		<Product SellerProductId="F15HV07_48" BrandName="Fashion Manufacturer" ProductKind="Variant" CategoryCode="10010D01" ShortLabel="T-shirt délavé à manches" LongLabel="T-shirt délavé à manches courtes (M - Orange)" Description="T-shirt délavé à manches courtes et col rond. Matière douce et extensible pour un confort inégalé. Pour un look estival, portez-le avec un chapeau de paille !" SellerProductFamily="1_1" Size="M" SellerProductColorName="Orange" Model="SOUMISSION CREATION PRODUITS_MK" Navigation="VETEMENTS - LINGERIE / MANTEAU - VESTE / IMPERMEABLE - TRENCH - CAPE DE PLUIE - COUPE VENT / IMPERMEABLE - TRENCH - CAPE DE PLUIE - COUPE VENT" Width="5" Height="10" Weight="31000">
			<Product.EanList>
				<ProductEan Ean=""/>
			</Product.EanList>
			<Product.ModelProperties>
				<x:String x:Key="Genre">Femme</x:String>
				<x:String x:Key="Type de public">Adulte</x:String>
			</Product.ModelProperties>
			<Product.Pictures>
				<ProductImage Uri="http://localhost/prestashop161/img/p/4/4.jpg"/>
			</Product.Pictures>
		</Product>
		<Product SellerProductId="F15HV07_50" BrandName="Fashion Manufacturer" ProductKind="Variant" CategoryCode="10010D01" ShortLabel="T-shirt délavé à manches" LongLabel="T-shirt délavé à manches courtes (M - Bleu)" Description="T-shirt délavé à manches courtes et col rond. Matière douce et extensible pour un confort inégalé. Pour un look estival, portez-le avec un chapeau de paille !" SellerProductFamily="1_1" Size="M" SellerProductColorName="Bleu" Model="SOUMISSION CREATION PRODUITS_MK" Navigation="VETEMENTS - LINGERIE / MANTEAU - VESTE / IMPERMEABLE - TRENCH - CAPE DE PLUIE - COUPE VENT / IMPERMEABLE - TRENCH - CAPE DE PLUIE - COUPE VENT" Width="5" Height="10" Weight="31000">
			<Product.EanList>
				<ProductEan Ean=""/>
			</Product.EanList>
			<Product.ModelProperties>
				<x:String x:Key="Genre">Femme</x:String>
				<x:String x:Key="Type de public">Adulte</x:String>
			</Product.ModelProperties>
			<Product.Pictures>
				<ProductImage Uri="http://localhost/prestashop161/img/p/4/4.jpg"/>
			</Product.Pictures>
		</Product>
		<Product SellerProductId="F15HV07_52" BrandName="Fashion Manufacturer" ProductKind="Variant" CategoryCode="10010D01" ShortLabel="T-shirt délavé à manches" LongLabel="T-shirt délavé à manches courtes (L - Orange)" Description="T-shirt délavé à manches courtes et col rond. Matière douce et extensible pour un confort inégalé. Pour un look estival, portez-le avec un chapeau de paille !" SellerProductFamily="1_1" Size="L" SellerProductColorName="Orange" Model="SOUMISSION CREATION PRODUITS_MK" Navigation="VETEMENTS - LINGERIE / MANTEAU - VESTE / IMPERMEABLE - TRENCH - CAPE DE PLUIE - COUPE VENT / IMPERMEABLE - TRENCH - CAPE DE PLUIE - COUPE VENT" Width="5" Height="10" Weight="31000">
			<Product.EanList>
				<ProductEan Ean=""/>
			</Product.EanList>
			<Product.ModelProperties>
				<x:String x:Key="Genre">Femme</x:String>
				<x:String x:Key="Type de public">Adulte</x:String>
			</Product.ModelProperties>
			<Product.Pictures>
				<ProductImage Uri="http://localhost/prestashop161/img/p/4/4.jpg"/>
			</Product.Pictures>
		</Product>
		<Product SellerProductId="P-0-6" BrandName="Fashion Manufacturer" ProductKind="Variant" CategoryCode="10010D01" ShortLabel="T-shirt délavé à manches" LongLabel="T-shirt délavé à manches courtes (L - Bleu)" Description="T-shirt délavé à manches courtes et col rond. Matière douce et extensible pour un confort inégalé. Pour un look estival, portez-le avec un chapeau de paille !" SellerProductFamily="1_1" Size="L" SellerProductColorName="Bleu" Model="SOUMISSION CREATION PRODUITS_MK" Navigation="VETEMENTS - LINGERIE / MANTEAU - VESTE / IMPERMEABLE - TRENCH - CAPE DE PLUIE - COUPE VENT / IMPERMEABLE - TRENCH - CAPE DE PLUIE - COUPE VENT" Width="5" Height="10" Weight="31000">
			<Product.EanList>
				<ProductEan Ean=""/>
			</Product.EanList>
			<Product.ModelProperties>
				<x:String x:Key="Genre">Femme</x:String>
				<x:String x:Key="Type de public">Adulte</x:String>
			</Product.ModelProperties>
			<Product.Pictures>
				<ProductImage Uri="http://localhost/prestashop161/img/p/4/4.jpg"/>
			</Product.Pictures>
		</Product>
		<Product SellerProductId="P-0-7" BrandName="Fashion Manufacturer" ProductKind="Variant" CategoryCode="10010D01" ShortLabel="Chemisier" LongLabel="Chemisier (S - Noir)" Description="Chemisier à manches courtes drapées, pour un style féminin et élégant." SellerProductFamily="2_7" Size="S" SellerProductColorName="Noir" Model="SOUMISSION CREATION PRODUITS_MK" Navigation="VETEMENTS - LINGERIE / MANTEAU - VESTE / IMPERMEABLE - TRENCH - CAPE DE PLUIE - COUPE VENT / IMPERMEABLE - TRENCH - CAPE DE PLUIE - COUPE VENT">
			<Product.EanList>
				<ProductEan Ean=""/>
			</Product.EanList>
			<Product.ModelProperties>
				<x:String x:Key="Genre">Femme</x:String>
				<x:String x:Key="Type de public">Adulte</x:String>
			</Product.ModelProperties>
			<Product.Pictures>
				<ProductImage Uri="http://localhost/prestashop161/img/p/7/7.jpg"/>
			</Product.Pictures>
		</Product>
		<Product SellerProductId="3700372705394" BrandName="Fashion Manufacturer" ProductKind="Variant" CategoryCode="10010D01" ShortLabel="Chemisier" LongLabel="Chemisier (S - Blanc)" Description="Chemisier à manches courtes drapées, pour un style féminin et élégant." SellerProductFamily="2_7" Size="S" SellerProductColorName="Blanc" Model="SOUMISSION CREATION PRODUITS_MK" Navigation="VETEMENTS - LINGERIE / MANTEAU - VESTE / IMPERMEABLE - TRENCH - CAPE DE PLUIE - COUPE VENT / IMPERMEABLE - TRENCH - CAPE DE PLUIE - COUPE VENT">
			<Product.EanList>
				<ProductEan Ean=""/>
			</Product.EanList>
			<Product.ModelProperties>
				<x:String x:Key="Genre">Femme</x:String>
				<x:String x:Key="Type de public">Adulte</x:String>
			</Product.ModelProperties>
			<Product.Pictures>
				<ProductImage Uri="http://localhost/prestashop161/img/p/5/5.jpg"/>
				<ProductImage Uri="http://localhost/prestashop161/img/p/6/6.jpg"/>
			</Product.Pictures>
		</Product>
		<Product SellerProductId="0889698108478" BrandName="Fashion Manufacturer" ProductKind="Variant" CategoryCode="10010D01" ShortLabel="Chemisier" LongLabel="Chemisier (M - Noir)" Description="Chemisier à manches courtes drapées, pour un style féminin et élégant." SellerProductFamily="2_7" Size="M" SellerProductColorName="Noir" Model="SOUMISSION CREATION PRODUITS_MK" Navigation="VETEMENTS - LINGERIE / MANTEAU - VESTE / IMPERMEABLE - TRENCH - CAPE DE PLUIE - COUPE VENT / IMPERMEABLE - TRENCH - CAPE DE PLUIE - COUPE VENT">
			<Product.EanList>
				<ProductEan Ean=""/>
			</Product.EanList>
			<Product.ModelProperties>
				<x:String x:Key="Genre">Femme</x:String>
				<x:String x:Key="Type de public">Adulte</x:String>
			</Product.ModelProperties>
			<Product.Pictures>
				<ProductImage Uri="http://localhost/prestashop161/img/p/7/7.jpg"/>
			</Product.Pictures>
		</Product>
		<Product SellerProductId="0849803053253" BrandName="Fashion Manufacturer" ProductKind="Variant" CategoryCode="10010D01" ShortLabel="Chemisier" LongLabel="Chemisier (M - Blanc)" Description="Chemisier à manches courtes drapées, pour un style féminin et élégant." SellerProductFamily="2_7" Size="M" SellerProductColorName="Blanc" Model="SOUMISSION CREATION PRODUITS_MK" Navigation="VETEMENTS - LINGERIE / MANTEAU - VESTE / IMPERMEABLE - TRENCH - CAPE DE PLUIE - COUPE VENT / IMPERMEABLE - TRENCH - CAPE DE PLUIE - COUPE VENT">
			<Product.EanList>
				<ProductEan Ean=""/>
			</Product.EanList>
			<Product.ModelProperties>
				<x:String x:Key="Genre">Femme</x:String>
				<x:String x:Key="Type de public">Adulte</x:String>
			</Product.ModelProperties>
			<Product.Pictures>
				<ProductImage Uri="http://localhost/prestashop161/img/p/5/5.jpg"/>
				<ProductImage Uri="http://localhost/prestashop161/img/p/6/6.jpg"/>
			</Product.Pictures>
		</Product>
		<Product SellerProductId="4051957039601" BrandName="Fashion Manufacturer" ProductKind="Variant" CategoryCode="10010D01" ShortLabel="Chemisier" LongLabel="Chemisier (L - Noir)" Description="Chemisier à manches courtes drapées, pour un style féminin et élégant." SellerProductFamily="2_7" Size="L" SellerProductColorName="Noir" Model="SOUMISSION CREATION PRODUITS_MK" Navigation="VETEMENTS - LINGERIE / MANTEAU - VESTE / IMPERMEABLE - TRENCH - CAPE DE PLUIE - COUPE VENT / IMPERMEABLE - TRENCH - CAPE DE PLUIE - COUPE VENT">
			<Product.EanList>
				<ProductEan Ean=""/>
			</Product.EanList>
			<Product.ModelProperties>
				<x:String x:Key="Genre">Femme</x:String>
				<x:String x:Key="Type de public">Adulte</x:String>
			</Product.ModelProperties>
			<Product.Pictures>
				<ProductImage Uri="http://localhost/prestashop161/img/p/7/7.jpg"/>
			</Product.Pictures>
		</Product>
		<Product SellerProductId="0849803083199" BrandName="Fashion Manufacturer" ProductKind="Variant" CategoryCode="10010D01" ShortLabel="Chemisier" LongLabel="Chemisier (L - Blanc)" Description="Chemisier à manches courtes drapées, pour un style féminin et élégant." SellerProductFamily="2_7" Size="L" SellerProductColorName="Blanc" Model="SOUMISSION CREATION PRODUITS_MK" Navigation="VETEMENTS - LINGERIE / MANTEAU - VESTE / IMPERMEABLE - TRENCH - CAPE DE PLUIE - COUPE VENT / IMPERMEABLE - TRENCH - CAPE DE PLUIE - COUPE VENT">
			<Product.EanList>
				<ProductEan Ean=""/>
			</Product.EanList>
			<Product.ModelProperties>
				<x:String x:Key="Genre">Femme</x:String>
				<x:String x:Key="Type de public">Adulte</x:String>
			</Product.ModelProperties>
			<Product.Pictures>
				<ProductImage Uri="http://localhost/prestashop161/img/p/5/5.jpg"/>
				<ProductImage Uri="http://localhost/prestashop161/img/p/6/6.jpg"/>
			</Product.Pictures>
		</Product>
		<Product SellerProductId="8436546895244" BrandName="Fashion Manufacturer" ProductKind="Variant" CategoryCode="10010D01" ShortLabel="Robe imprimée" LongLabel="Robe imprimée (S - Orange)" Description="Robe imprimée 100 % coton. Haut rayé noir et blanc et bas composé d'une jupe patineuse taille haute." SellerProductFamily="3_13" Size="S" SellerProductColorName="Orange" Model="SOUMISSION CREATION PRODUITS_MK" Navigation="VETEMENTS - LINGERIE / MANTEAU - VESTE / IMPERMEABLE - TRENCH - CAPE DE PLUIE - COUPE VENT / IMPERMEABLE - TRENCH - CAPE DE PLUIE - COUPE VENT">
			<Product.EanList>
				<ProductEan Ean=""/>
			</Product.EanList>
			<Product.ModelProperties>
				<x:String x:Key="Genre">Femme</x:String>
				<x:String x:Key="Type de public">Adulte</x:String>
			</Product.ModelProperties>
			<Product.Pictures>
				<ProductImage Uri="http://localhost/prestashop161/img/p/8/8.jpg"/>
				<ProductImage Uri="http://localhost/prestashop161/img/p/9/9.jpg"/>
			</Product.Pictures>
		</Product>
		<Product SellerProductId="3700936104380" BrandName="Fashion Manufacturer" ProductKind="Variant" CategoryCode="10010D01" ShortLabel="Robe imprimée" LongLabel="Robe imprimée (M - Orange)" Description="Robe imprimée 100 % coton. Haut rayé noir et blanc et bas composé d'une jupe patineuse taille haute." SellerProductFamily="3_13" Size="M" SellerProductColorName="Orange" Model="SOUMISSION CREATION PRODUITS_MK" Navigation="VETEMENTS - LINGERIE / MANTEAU - VESTE / IMPERMEABLE - TRENCH - CAPE DE PLUIE - COUPE VENT / IMPERMEABLE - TRENCH - CAPE DE PLUIE - COUPE VENT">
			<Product.EanList>
				<ProductEan Ean=""/>
			</Product.EanList>
			<Product.ModelProperties>
				<x:String x:Key="Genre">Femme</x:String>
				<x:String x:Key="Type de public">Adulte</x:String>
			</Product.ModelProperties>
			<Product.Pictures>
				<ProductImage Uri="http://localhost/prestashop161/img/p/8/8.jpg"/>
				<ProductImage Uri="http://localhost/prestashop161/img/p/9/9.jpg"/>
			</Product.Pictures>
		</Product>
		<Product SellerProductId="P-0-15" BrandName="Fashion Manufacturer" ProductKind="Variant" CategoryCode="10010D01" ShortLabel="Robe imprimée" LongLabel="Robe imprimée (L - Orange)" Description="Robe imprimée 100 % coton. Haut rayé noir et blanc et bas composé d'une jupe patineuse taille haute." SellerProductFamily="3_13" Size="L" SellerProductColorName="Orange" Model="SOUMISSION CREATION PRODUITS_MK" Navigation="VETEMENTS - LINGERIE / MANTEAU - VESTE / IMPERMEABLE - TRENCH - CAPE DE PLUIE - COUPE VENT / IMPERMEABLE - TRENCH - CAPE DE PLUIE - COUPE VENT">
			<Product.EanList>
				<ProductEan Ean=""/>
			</Product.EanList>
			<Product.ModelProperties>
				<x:String x:Key="Genre">Femme</x:String>
				<x:String x:Key="Type de public">Adulte</x:String>
			</Product.ModelProperties>
			<Product.Pictures>
				<ProductImage Uri="http://localhost/prestashop161/img/p/8/8.jpg"/>
				<ProductImage Uri="http://localhost/prestashop161/img/p/9/9.jpg"/>
			</Product.Pictures>
		</Product>
		<Product SellerProductId="40577" BrandName="Fashion Manufacturer" ProductKind="Variant" CategoryCode="10010D01" ShortLabel="Robe imprimée" LongLabel="Robe imprimée (S - Beige)" Description="Robe de soirée imprimée à manches droites et volants, avec fine ceinture noire à la taille." SellerProductFamily="4_16" Size="S" SellerProductColorName="Beige" Model="SOUMISSION CREATION PRODUITS_MK" Navigation="VETEMENTS - LINGERIE / MANTEAU - VESTE / IMPERMEABLE - TRENCH - CAPE DE PLUIE - COUPE VENT / IMPERMEABLE - TRENCH - CAPE DE PLUIE - COUPE VENT">
			<Product.EanList>
				<ProductEan Ean=""/>
			</Product.EanList>
			<Product.ModelProperties>
				<x:String x:Key="Genre">Femme</x:String>
				<x:String x:Key="Type de public">Adulte</x:String>
			</Product.ModelProperties>
			<Product.Pictures>
				<ProductImage Uri="http://localhost/prestashop161/img/p/1/0/10.jpg"/>
			</Product.Pictures>
		</Product>
		<Product SellerProductId="41425" BrandName="Fashion Manufacturer" ProductKind="Variant" CategoryCode="10010D01" ShortLabel="Robe imprimée" LongLabel="Robe imprimée (M - Beige)" Description="Robe de soirée imprimée à manches droites et volants, avec fine ceinture noire à la taille." SellerProductFamily="4_16" Size="M" SellerProductColorName="Beige" Model="SOUMISSION CREATION PRODUITS_MK" Navigation="VETEMENTS - LINGERIE / MANTEAU - VESTE / IMPERMEABLE - TRENCH - CAPE DE PLUIE - COUPE VENT / IMPERMEABLE - TRENCH - CAPE DE PLUIE - COUPE VENT">
			<Product.EanList>
				<ProductEan Ean=""/>
			</Product.EanList>
			<Product.ModelProperties>
				<x:String x:Key="Genre">Femme</x:String>
				<x:String x:Key="Type de public">Adulte</x:String>
			</Product.ModelProperties>
			<Product.Pictures>
				<ProductImage Uri="http://localhost/prestashop161/img/p/1/0/10.jpg"/>
			</Product.Pictures>
		</Product>
		<Product SellerProductId="42070" BrandName="Fashion Manufacturer" ProductKind="Variant" CategoryCode="10010D01" ShortLabel="Robe imprimée" LongLabel="Robe imprimée (L - Beige)" Description="Robe de soirée imprimée à manches droites et volants, avec fine ceinture noire à la taille." SellerProductFamily="4_16" Size="L" SellerProductColorName="Beige" Model="SOUMISSION CREATION PRODUITS_MK" Navigation="VETEMENTS - LINGERIE / MANTEAU - VESTE / IMPERMEABLE - TRENCH - CAPE DE PLUIE - COUPE VENT / IMPERMEABLE - TRENCH - CAPE DE PLUIE - COUPE VENT">
			<Product.EanList>
				<ProductEan Ean=""/>
			</Product.EanList>
			<Product.ModelProperties>
				<x:String x:Key="Genre">Femme</x:String>
				<x:String x:Key="Type de public">Adulte</x:String>
			</Product.ModelProperties>
			<Product.Pictures>
				<ProductImage Uri="http://localhost/prestashop161/img/p/1/0/10.jpg"/>
			</Product.Pictures>
		</Product>
		<Product SellerProductId="41595" BrandName="Fashion Manufacturer" ProductKind="Variant" CategoryCode="10010D01" ShortLabel="Robe imprimée" LongLabel="Robe imprimée (S - Rose)" Description="Robe de soirée imprimée à manches droites et volants, avec fine ceinture noire à la taille." SellerProductFamily="4_16" Size="S" SellerProductColorName="Rose" Model="SOUMISSION CREATION PRODUITS_MK" Navigation="VETEMENTS - LINGERIE / MANTEAU - VESTE / IMPERMEABLE - TRENCH - CAPE DE PLUIE - COUPE VENT / IMPERMEABLE - TRENCH - CAPE DE PLUIE - COUPE VENT">
			<Product.EanList>
				<ProductEan Ean=""/>
			</Product.EanList>
			<Product.ModelProperties>
				<x:String x:Key="Genre">Femme</x:String>
				<x:String x:Key="Type de public">Adulte</x:String>
			</Product.ModelProperties>
			<Product.Pictures>
				<ProductImage Uri="http://localhost/prestashop161/img/p/1/1/11.jpg"/>
			</Product.Pictures>
		</Product>
		<Product SellerProductId="P-0-44" BrandName="Fashion Manufacturer" ProductKind="Variant" CategoryCode="10010D01" ShortLabel="Robe imprimée" LongLabel="Robe imprimée (M - Rose)" Description="Robe de soirée imprimée à manches droites et volants, avec fine ceinture noire à la taille." SellerProductFamily="4_16" Size="M" SellerProductColorName="Rose" Model="SOUMISSION CREATION PRODUITS_MK" Navigation="VETEMENTS - LINGERIE / MANTEAU - VESTE / IMPERMEABLE - TRENCH - CAPE DE PLUIE - COUPE VENT / IMPERMEABLE - TRENCH - CAPE DE PLUIE - COUPE VENT">
			<Product.EanList>
				<ProductEan Ean=""/>
			</Product.EanList>
			<Product.ModelProperties>
				<x:String x:Key="Genre">Femme</x:String>
				<x:String x:Key="Type de public">Adulte</x:String>
			</Product.ModelProperties>
			<Product.Pictures>
				<ProductImage Uri="http://localhost/prestashop161/img/p/1/1/11.jpg"/>
			</Product.Pictures>
		</Product>
		<Product SellerProductId="P-0-45" BrandName="Fashion Manufacturer" ProductKind="Variant" CategoryCode="10010D01" ShortLabel="Robe imprimée" LongLabel="Robe imprimée (L - Rose)" Description="Robe de soirée imprimée à manches droites et volants, avec fine ceinture noire à la taille." SellerProductFamily="4_16" Size="L" SellerProductColorName="Rose" Model="SOUMISSION CREATION PRODUITS_MK" Navigation="VETEMENTS - LINGERIE / MANTEAU - VESTE / IMPERMEABLE - TRENCH - CAPE DE PLUIE - COUPE VENT / IMPERMEABLE - TRENCH - CAPE DE PLUIE - COUPE VENT">
			<Product.EanList>
				<ProductEan Ean=""/>
			</Product.EanList>
			<Product.ModelProperties>
				<x:String x:Key="Genre">Femme</x:String>
				<x:String x:Key="Type de public">Adulte</x:String>
			</Product.ModelProperties>
			<Product.Pictures>
				<ProductImage Uri="http://localhost/prestashop161/img/p/1/1/11.jpg"/>
			</Product.Pictures>
		</Product>
		<Product SellerProductId="P-0-19" BrandName="Fashion Manufacturer" ProductKind="Variant" CategoryCode="10010D01" ShortLabel="Robe d'été imprimée" LongLabel="Robe d'été imprimée (S - Jaune)" Description="Longue robe imprimée à fines bretelles réglables. Décolleté en V et armature sous la poitrine. Volants au bas de la robe." SellerProductFamily="5_19" Size="S" SellerProductColorName="Jaune" Model="SOUMISSION CREATION PRODUITS_MK" Navigation="VETEMENTS - LINGERIE / MANTEAU - VESTE / IMPERMEABLE - TRENCH - CAPE DE PLUIE - COUPE VENT / IMPERMEABLE - TRENCH - CAPE DE PLUIE - COUPE VENT">
			<Product.EanList>
				<ProductEan Ean=""/>
			</Product.EanList>
			<Product.ModelProperties>
				<x:String x:Key="Genre">Femme</x:String>
				<x:String x:Key="Type de public">Adulte</x:String>
			</Product.ModelProperties>
			<Product.Pictures>
				<ProductImage Uri="http://localhost/prestashop161/img/p/1/2/12.jpg"/>
			</Product.Pictures>
		</Product>
		<Product SellerProductId="P-0-20" BrandName="Fashion Manufacturer" ProductKind="Variant" CategoryCode="10010D01" ShortLabel="Robe d'été imprimée" LongLabel="Robe d'été imprimée (S - Bleu)" Description="Longue robe imprimée à fines bretelles réglables. Décolleté en V et armature sous la poitrine. Volants au bas de la robe." SellerProductFamily="5_19" Size="S" SellerProductColorName="Bleu" Model="SOUMISSION CREATION PRODUITS_MK" Navigation="VETEMENTS - LINGERIE / MANTEAU - VESTE / IMPERMEABLE - TRENCH - CAPE DE PLUIE - COUPE VENT / IMPERMEABLE - TRENCH - CAPE DE PLUIE - COUPE VENT">
			<Product.EanList>
				<ProductEan Ean=""/>
			</Product.EanList>
			<Product.ModelProperties>
				<x:String x:Key="Genre">Femme</x:String>
				<x:String x:Key="Type de public">Adulte</x:String>
			</Product.ModelProperties>
			<Product.Pictures>
				<ProductImage Uri="http://localhost/prestashop161/img/p/1/3/13.jpg"/>
			</Product.Pictures>
		</Product>
		<Product SellerProductId="P-0-21" BrandName="Fashion Manufacturer" ProductKind="Variant" CategoryCode="10010D01" ShortLabel="Robe d'été imprimée" LongLabel="Robe d'été imprimée (S - Orange)" Description="Longue robe imprimée à fines bretelles réglables. Décolleté en V et armature sous la poitrine. Volants au bas de la robe." SellerProductFamily="5_19" Size="S" SellerProductColorName="Orange" Model="SOUMISSION CREATION PRODUITS_MK" Navigation="VETEMENTS - LINGERIE / MANTEAU - VESTE / IMPERMEABLE - TRENCH - CAPE DE PLUIE - COUPE VENT / IMPERMEABLE - TRENCH - CAPE DE PLUIE - COUPE VENT">
			<Product.EanList>
				<ProductEan Ean=""/>
			</Product.EanList>
			<Product.ModelProperties>
				<x:String x:Key="Genre">Femme</x:String>
				<x:String x:Key="Type de public">Adulte</x:String>
			</Product.ModelProperties>
			<Product.Pictures>
				<ProductImage Uri="http://localhost/prestashop161/img/p/1/4/14.jpg"/>
			</Product.Pictures>
		</Product>
		<Product SellerProductId="P-0-22" BrandName="Fashion Manufacturer" ProductKind="Variant" CategoryCode="10010D01" ShortLabel="Robe d'été imprimée" LongLabel="Robe d'été imprimée (S - Noir)" Description="Longue robe imprimée à fines bretelles réglables. Décolleté en V et armature sous la poitrine. Volants au bas de la robe." SellerProductFamily="5_19" Size="S" SellerProductColorName="Noir" Model="SOUMISSION CREATION PRODUITS_MK" Navigation="VETEMENTS - LINGERIE / MANTEAU - VESTE / IMPERMEABLE - TRENCH - CAPE DE PLUIE - COUPE VENT / IMPERMEABLE - TRENCH - CAPE DE PLUIE - COUPE VENT">
			<Product.EanList>
				<ProductEan Ean=""/>
			</Product.EanList>
			<Product.ModelProperties>
				<x:String x:Key="Genre">Femme</x:String>
				<x:String x:Key="Type de public">Adulte</x:String>
			</Product.ModelProperties>
			<Product.Pictures>
				<ProductImage Uri="http://localhost/prestashop161/img/p/1/5/15.jpg"/>
			</Product.Pictures>
		</Product>
		<Product SellerProductId="P-0-23" BrandName="Fashion Manufacturer" ProductKind="Variant" CategoryCode="10010D01" ShortLabel="Robe d'été imprimée" LongLabel="Robe d'été imprimée (M - Jaune)" Description="Longue robe imprimée à fines bretelles réglables. Décolleté en V et armature sous la poitrine. Volants au bas de la robe." SellerProductFamily="5_19" Size="M" SellerProductColorName="Jaune" Model="SOUMISSION CREATION PRODUITS_MK" Navigation="VETEMENTS - LINGERIE / MANTEAU - VESTE / IMPERMEABLE - TRENCH - CAPE DE PLUIE - COUPE VENT / IMPERMEABLE - TRENCH - CAPE DE PLUIE - COUPE VENT">
			<Product.EanList>
				<ProductEan Ean=""/>
			</Product.EanList>
			<Product.ModelProperties>
				<x:String x:Key="Genre">Femme</x:String>
				<x:String x:Key="Type de public">Adulte</x:String>
			</Product.ModelProperties>
			<Product.Pictures>
				<ProductImage Uri="http://localhost/prestashop161/img/p/1/2/12.jpg"/>
			</Product.Pictures>
		</Product>
		<Product SellerProductId="P-0-24" BrandName="Fashion Manufacturer" ProductKind="Variant" CategoryCode="10010D01" ShortLabel="Robe d'été imprimée" LongLabel="Robe d'été imprimée (M - Bleu)" Description="Longue robe imprimée à fines bretelles réglables. Décolleté en V et armature sous la poitrine. Volants au bas de la robe." SellerProductFamily="5_19" Size="M" SellerProductColorName="Bleu" Model="SOUMISSION CREATION PRODUITS_MK" Navigation="VETEMENTS - LINGERIE / MANTEAU - VESTE / IMPERMEABLE - TRENCH - CAPE DE PLUIE - COUPE VENT / IMPERMEABLE - TRENCH - CAPE DE PLUIE - COUPE VENT">
			<Product.EanList>
				<ProductEan Ean=""/>
			</Product.EanList>
			<Product.ModelProperties>
				<x:String x:Key="Genre">Femme</x:String>
				<x:String x:Key="Type de public">Adulte</x:String>
			</Product.ModelProperties>
			<Product.Pictures>
				<ProductImage Uri="http://localhost/prestashop161/img/p/1/3/13.jpg"/>
			</Product.Pictures>
		</Product>
		<Product SellerProductId="P-0-25" BrandName="Fashion Manufacturer" ProductKind="Variant" CategoryCode="10010D01" ShortLabel="Robe d'été imprimée" LongLabel="Robe d'été imprimée (M - Orange)" Description="Longue robe imprimée à fines bretelles réglables. Décolleté en V et armature sous la poitrine. Volants au bas de la robe." SellerProductFamily="5_19" Size="M" SellerProductColorName="Orange" Model="SOUMISSION CREATION PRODUITS_MK" Navigation="VETEMENTS - LINGERIE / MANTEAU - VESTE / IMPERMEABLE - TRENCH - CAPE DE PLUIE - COUPE VENT / IMPERMEABLE - TRENCH - CAPE DE PLUIE - COUPE VENT">
			<Product.EanList>
				<ProductEan Ean=""/>
			</Product.EanList>
			<Product.ModelProperties>
				<x:String x:Key="Genre">Femme</x:String>
				<x:String x:Key="Type de public">Adulte</x:String>
			</Product.ModelProperties>
			<Product.Pictures>
				<ProductImage Uri="http://localhost/prestashop161/img/p/1/4/14.jpg"/>
			</Product.Pictures>
		</Product>
		<Product SellerProductId="P-0-26" BrandName="Fashion Manufacturer" ProductKind="Variant" CategoryCode="10010D01" ShortLabel="Robe d'été imprimée" LongLabel="Robe d'été imprimée (M - Noir)" Description="Longue robe imprimée à fines bretelles réglables. Décolleté en V et armature sous la poitrine. Volants au bas de la robe." SellerProductFamily="5_19" Size="M" SellerProductColorName="Noir" Model="SOUMISSION CREATION PRODUITS_MK" Navigation="VETEMENTS - LINGERIE / MANTEAU - VESTE / IMPERMEABLE - TRENCH - CAPE DE PLUIE - COUPE VENT / IMPERMEABLE - TRENCH - CAPE DE PLUIE - COUPE VENT">
			<Product.EanList>
				<ProductEan Ean=""/>
			</Product.EanList>
			<Product.ModelProperties>
				<x:String x:Key="Genre">Femme</x:String>
				<x:String x:Key="Type de public">Adulte</x:String>
			</Product.ModelProperties>
			<Product.Pictures>
				<ProductImage Uri="http://localhost/prestashop161/img/p/1/5/15.jpg"/>
			</Product.Pictures>
		</Product>
		<Product SellerProductId="P-0-27" BrandName="Fashion Manufacturer" ProductKind="Variant" CategoryCode="10010D01" ShortLabel="Robe d'été imprimée" LongLabel="Robe d'été imprimée (L - Jaune)" Description="Longue robe imprimée à fines bretelles réglables. Décolleté en V et armature sous la poitrine. Volants au bas de la robe." SellerProductFamily="5_19" Size="L" SellerProductColorName="Jaune" Model="SOUMISSION CREATION PRODUITS_MK" Navigation="VETEMENTS - LINGERIE / MANTEAU - VESTE / IMPERMEABLE - TRENCH - CAPE DE PLUIE - COUPE VENT / IMPERMEABLE - TRENCH - CAPE DE PLUIE - COUPE VENT">
			<Product.EanList>
				<ProductEan Ean=""/>
			</Product.EanList>
			<Product.ModelProperties>
				<x:String x:Key="Genre">Femme</x:String>
				<x:String x:Key="Type de public">Adulte</x:String>
			</Product.ModelProperties>
			<Product.Pictures>
				<ProductImage Uri="http://localhost/prestashop161/img/p/1/2/12.jpg"/>
			</Product.Pictures>
		</Product>
		<Product SellerProductId="P-0-28" BrandName="Fashion Manufacturer" ProductKind="Variant" CategoryCode="10010D01" ShortLabel="Robe d'été imprimée" LongLabel="Robe d'été imprimée (L - Bleu)" Description="Longue robe imprimée à fines bretelles réglables. Décolleté en V et armature sous la poitrine. Volants au bas de la robe." SellerProductFamily="5_19" Size="L" SellerProductColorName="Bleu" Model="SOUMISSION CREATION PRODUITS_MK" Navigation="VETEMENTS - LINGERIE / MANTEAU - VESTE / IMPERMEABLE - TRENCH - CAPE DE PLUIE - COUPE VENT / IMPERMEABLE - TRENCH - CAPE DE PLUIE - COUPE VENT">
			<Product.EanList>
				<ProductEan Ean=""/>
			</Product.EanList>
			<Product.ModelProperties>
				<x:String x:Key="Genre">Femme</x:String>
				<x:String x:Key="Type de public">Adulte</x:String>
			</Product.ModelProperties>
			<Product.Pictures>
				<ProductImage Uri="http://localhost/prestashop161/img/p/1/3/13.jpg"/>
			</Product.Pictures>
		</Product>
		<Product SellerProductId="P-0-29" BrandName="Fashion Manufacturer" ProductKind="Variant" CategoryCode="10010D01" ShortLabel="Robe d'été imprimée" LongLabel="Robe d'été imprimée (L - Orange)" Description="Longue robe imprimée à fines bretelles réglables. Décolleté en V et armature sous la poitrine. Volants au bas de la robe." SellerProductFamily="5_19" Size="L" SellerProductColorName="Orange" Model="SOUMISSION CREATION PRODUITS_MK" Navigation="VETEMENTS - LINGERIE / MANTEAU - VESTE / IMPERMEABLE - TRENCH - CAPE DE PLUIE - COUPE VENT / IMPERMEABLE - TRENCH - CAPE DE PLUIE - COUPE VENT">
			<Product.EanList>
				<ProductEan Ean=""/>
			</Product.EanList>
			<Product.ModelProperties>
				<x:String x:Key="Genre">Femme</x:String>
				<x:String x:Key="Type de public">Adulte</x:String>
			</Product.ModelProperties>
			<Product.Pictures>
				<ProductImage Uri="http://localhost/prestashop161/img/p/1/4/14.jpg"/>
			</Product.Pictures>
		</Product>
		<Product SellerProductId="P-0-30" BrandName="Fashion Manufacturer" ProductKind="Variant" CategoryCode="10010D01" ShortLabel="Robe d'été imprimée" LongLabel="Robe d'été imprimée (L - Noir)" Description="Longue robe imprimée à fines bretelles réglables. Décolleté en V et armature sous la poitrine. Volants au bas de la robe." SellerProductFamily="5_19" Size="L" SellerProductColorName="Noir" Model="SOUMISSION CREATION PRODUITS_MK" Navigation="VETEMENTS - LINGERIE / MANTEAU - VESTE / IMPERMEABLE - TRENCH - CAPE DE PLUIE - COUPE VENT / IMPERMEABLE - TRENCH - CAPE DE PLUIE - COUPE VENT">
			<Product.EanList>
				<ProductEan Ean=""/>
			</Product.EanList>
			<Product.ModelProperties>
				<x:String x:Key="Genre">Femme</x:String>
				<x:String x:Key="Type de public">Adulte</x:String>
			</Product.ModelProperties>
			<Product.Pictures>
				<ProductImage Uri="http://localhost/prestashop161/img/p/1/5/15.jpg"/>
			</Product.Pictures>
		</Product>
		<Product SellerProductId="P-0-31" BrandName="Fashion Manufacturer" ProductKind="Variant" CategoryCode="10010D01" ShortLabel="Robe d'été imprimée" LongLabel="Robe d'été imprimée (S - Jaune)" Description="Robe en mousseline sans manches, longueur genoux. Décolleté en V avec élastique sous la poitrine." SellerProductFamily="6_31" Size="S" SellerProductColorName="Jaune" Model="SOUMISSION CREATION PRODUITS_MK" Navigation="VETEMENTS - LINGERIE / MANTEAU - VESTE / IMPERMEABLE - TRENCH - CAPE DE PLUIE - COUPE VENT / IMPERMEABLE - TRENCH - CAPE DE PLUIE - COUPE VENT">
			<Product.EanList>
				<ProductEan Ean=""/>
			</Product.EanList>
			<Product.ModelProperties>
				<x:String x:Key="Genre">Femme</x:String>
				<x:String x:Key="Type de public">Adulte</x:String>
			</Product.ModelProperties>
			<Product.Pictures>
				<ProductImage Uri="http://localhost/prestashop161/img/p/1/6/16.jpg"/>
				<ProductImage Uri="http://localhost/prestashop161/img/p/1/7/17.jpg"/>
			</Product.Pictures>
		</Product>
		<Product SellerProductId="P-0-32" BrandName="Fashion Manufacturer" ProductKind="Variant" CategoryCode="10010D01" ShortLabel="Robe d'été imprimée" LongLabel="Robe d'été imprimée (M - Jaune)" Description="Robe en mousseline sans manches, longueur genoux. Décolleté en V avec élastique sous la poitrine." SellerProductFamily="6_31" Size="M" SellerProductColorName="Jaune" Model="SOUMISSION CREATION PRODUITS_MK" Navigation="VETEMENTS - LINGERIE / MANTEAU - VESTE / IMPERMEABLE - TRENCH - CAPE DE PLUIE - COUPE VENT / IMPERMEABLE - TRENCH - CAPE DE PLUIE - COUPE VENT">
			<Product.EanList>
				<ProductEan Ean=""/>
			</Product.EanList>
			<Product.ModelProperties>
				<x:String x:Key="Genre">Femme</x:String>
				<x:String x:Key="Type de public">Adulte</x:String>
			</Product.ModelProperties>
			<Product.Pictures>
				<ProductImage Uri="http://localhost/prestashop161/img/p/1/6/16.jpg"/>
				<ProductImage Uri="http://localhost/prestashop161/img/p/1/7/17.jpg"/>
			</Product.Pictures>
		</Product>
		<Product SellerProductId="P-0-33" BrandName="Fashion Manufacturer" ProductKind="Variant" CategoryCode="10010D01" ShortLabel="Robe d'été imprimée" LongLabel="Robe d'été imprimée (L - Jaune)" Description="Robe en mousseline sans manches, longueur genoux. Décolleté en V avec élastique sous la poitrine." SellerProductFamily="6_31" Size="L" SellerProductColorName="Jaune" Model="SOUMISSION CREATION PRODUITS_MK" Navigation="VETEMENTS - LINGERIE / MANTEAU - VESTE / IMPERMEABLE - TRENCH - CAPE DE PLUIE - COUPE VENT / IMPERMEABLE - TRENCH - CAPE DE PLUIE - COUPE VENT">
			<Product.EanList>
				<ProductEan Ean=""/>
			</Product.EanList>
			<Product.ModelProperties>
				<x:String x:Key="Genre">Femme</x:String>
				<x:String x:Key="Type de public">Adulte</x:String>
			</Product.ModelProperties>
			<Product.Pictures>
				<ProductImage Uri="http://localhost/prestashop161/img/p/1/6/16.jpg"/>
				<ProductImage Uri="http://localhost/prestashop161/img/p/1/7/17.jpg"/>
			</Product.Pictures>
		</Product>
		<Product SellerProductId="P-0-40" BrandName="Fashion Manufacturer" ProductKind="Variant" CategoryCode="10010D01" ShortLabel="Robe d'été imprimée" LongLabel="Robe d'été imprimée (S - Blanc)" Description="Robe en mousseline sans manches, longueur genoux. Décolleté en V avec élastique sous la poitrine." SellerProductFamily="6_31" Size="S" SellerProductColorName="Blanc" Model="SOUMISSION CREATION PRODUITS_MK" Navigation="VETEMENTS - LINGERIE / MANTEAU - VESTE / IMPERMEABLE - TRENCH - CAPE DE PLUIE - COUPE VENT / IMPERMEABLE - TRENCH - CAPE DE PLUIE - COUPE VENT">
			<Product.EanList>
				<ProductEan Ean=""/>
			</Product.EanList>
			<Product.ModelProperties>
				<x:String x:Key="Genre">Femme</x:String>
				<x:String x:Key="Type de public">Adulte</x:String>
			</Product.ModelProperties>
			<Product.Pictures>
				<ProductImage Uri="http://localhost/prestashop161/img/p/1/8/18.jpg"/>
				<ProductImage Uri="http://localhost/prestashop161/img/p/1/9/19.jpg"/>
			</Product.Pictures>
		</Product>
		<Product SellerProductId="P-0-41" BrandName="Fashion Manufacturer" ProductKind="Variant" CategoryCode="10010D01" ShortLabel="Robe d'été imprimée" LongLabel="Robe d'été imprimée (M - Blanc)" Description="Robe en mousseline sans manches, longueur genoux. Décolleté en V avec élastique sous la poitrine." SellerProductFamily="6_31" Size="M" SellerProductColorName="Blanc" Model="SOUMISSION CREATION PRODUITS_MK" Navigation="VETEMENTS - LINGERIE / MANTEAU - VESTE / IMPERMEABLE - TRENCH - CAPE DE PLUIE - COUPE VENT / IMPERMEABLE - TRENCH - CAPE DE PLUIE - COUPE VENT">
			<Product.EanList>
				<ProductEan Ean=""/>
			</Product.EanList>
			<Product.ModelProperties>
				<x:String x:Key="Genre">Femme</x:String>
				<x:String x:Key="Type de public">Adulte</x:String>
			</Product.ModelProperties>
			<Product.Pictures>
				<ProductImage Uri="http://localhost/prestashop161/img/p/1/8/18.jpg"/>
				<ProductImage Uri="http://localhost/prestashop161/img/p/1/9/19.jpg"/>
			</Product.Pictures>
		</Product>
		<Product SellerProductId="P-0-42" BrandName="Fashion Manufacturer" ProductKind="Variant" CategoryCode="10010D01" ShortLabel="Robe d'été imprimée" LongLabel="Robe d'été imprimée (L - Blanc)" Description="Robe en mousseline sans manches, longueur genoux. Décolleté en V avec élastique sous la poitrine." SellerProductFamily="6_31" Size="L" SellerProductColorName="Blanc" Model="SOUMISSION CREATION PRODUITS_MK" Navigation="VETEMENTS - LINGERIE / MANTEAU - VESTE / IMPERMEABLE - TRENCH - CAPE DE PLUIE - COUPE VENT / IMPERMEABLE - TRENCH - CAPE DE PLUIE - COUPE VENT">
			<Product.EanList>
				<ProductEan Ean=""/>
			</Product.EanList>
			<Product.ModelProperties>
				<x:String x:Key="Genre">Femme</x:String>
				<x:String x:Key="Type de public">Adulte</x:String>
			</Product.ModelProperties>
			<Product.Pictures>
				<ProductImage Uri="http://localhost/prestashop161/img/p/1/8/18.jpg"/>
				<ProductImage Uri="http://localhost/prestashop161/img/p/1/9/19.jpg"/>
			</Product.Pictures>
		</Product>
		<Product SellerProductId="P-0-34" BrandName="Fashion Manufacturer" ProductKind="Variant" CategoryCode="10010D01" ShortLabel="Robe en mousseline imprimée" LongLabel="Robe en mousseline imprimée (S - Jaune)" Description="Robe en mousseline imprimée à bretelles, longueur genoux. Profond décolleté en V." SellerProductFamily="7_34" Size="S" SellerProductColorName="Jaune" Model="SOUMISSION CREATION PRODUITS_MK" Navigation="VETEMENTS - LINGERIE / MANTEAU - VESTE / IMPERMEABLE - TRENCH - CAPE DE PLUIE - COUPE VENT / IMPERMEABLE - TRENCH - CAPE DE PLUIE - COUPE VENT">
			<Product.EanList>
				<ProductEan Ean=""/>
			</Product.EanList>
			<Product.ModelProperties>
				<x:String x:Key="Genre">Femme</x:String>
				<x:String x:Key="Type de public">Adulte</x:String>
			</Product.ModelProperties>
			<Product.Pictures>
				<ProductImage Uri="http://localhost/prestashop161/img/p/2/0/20.jpg"/>
				<ProductImage Uri="http://localhost/prestashop161/img/p/2/1/21.jpg"/>
			</Product.Pictures>
		</Product>
		<Product SellerProductId="P-0-35" BrandName="Fashion Manufacturer" ProductKind="Variant" CategoryCode="10010D01" ShortLabel="Robe en mousseline imprimée" LongLabel="Robe en mousseline imprimée (M - Jaune)" Description="Robe en mousseline imprimée à bretelles, longueur genoux. Profond décolleté en V." SellerProductFamily="7_34" Size="M" SellerProductColorName="Jaune" Model="SOUMISSION CREATION PRODUITS_MK" Navigation="VETEMENTS - LINGERIE / MANTEAU - VESTE / IMPERMEABLE - TRENCH - CAPE DE PLUIE - COUPE VENT / IMPERMEABLE - TRENCH - CAPE DE PLUIE - COUPE VENT">
			<Product.EanList>
				<ProductEan Ean=""/>
			</Product.EanList>
			<Product.ModelProperties>
				<x:String x:Key="Genre">Femme</x:String>
				<x:String x:Key="Type de public">Adulte</x:String>
			</Product.ModelProperties>
			<Product.Pictures>
				<ProductImage Uri="http://localhost/prestashop161/img/p/2/0/20.jpg"/>
				<ProductImage Uri="http://localhost/prestashop161/img/p/2/1/21.jpg"/>
			</Product.Pictures>
		</Product>
		<Product SellerProductId="P-0-36" BrandName="Fashion Manufacturer" ProductKind="Variant" CategoryCode="10010D01" ShortLabel="Robe en mousseline imprimée" LongLabel="Robe en mousseline imprimée (L - Jaune)" Description="Robe en mousseline imprimée à bretelles, longueur genoux. Profond décolleté en V." SellerProductFamily="7_34" Size="L" SellerProductColorName="Jaune" Model="SOUMISSION CREATION PRODUITS_MK" Navigation="VETEMENTS - LINGERIE / MANTEAU - VESTE / IMPERMEABLE - TRENCH - CAPE DE PLUIE - COUPE VENT / IMPERMEABLE - TRENCH - CAPE DE PLUIE - COUPE VENT">
			<Product.EanList>
				<ProductEan Ean=""/>
			</Product.EanList>
			<Product.ModelProperties>
				<x:String x:Key="Genre">Femme</x:String>
				<x:String x:Key="Type de public">Adulte</x:String>
			</Product.ModelProperties>
			<Product.Pictures>
				<ProductImage Uri="http://localhost/prestashop161/img/p/2/0/20.jpg"/>
				<ProductImage Uri="http://localhost/prestashop161/img/p/2/1/21.jpg"/>
			</Product.Pictures>
		</Product>
		<Product SellerProductId="P-0-37" BrandName="Fashion Manufacturer" ProductKind="Variant" CategoryCode="10010D01" ShortLabel="Robe en mousseline imprimée" LongLabel="Robe en mousseline imprimée (S - Vert)" Description="Robe en mousseline imprimée à bretelles, longueur genoux. Profond décolleté en V." SellerProductFamily="7_34" Size="S" SellerProductColorName="Vert" Model="SOUMISSION CREATION PRODUITS_MK" Navigation="VETEMENTS - LINGERIE / MANTEAU - VESTE / IMPERMEABLE - TRENCH - CAPE DE PLUIE - COUPE VENT / IMPERMEABLE - TRENCH - CAPE DE PLUIE - COUPE VENT">
			<Product.EanList>
				<ProductEan Ean=""/>
			</Product.EanList>
			<Product.ModelProperties>
				<x:String x:Key="Genre">Femme</x:String>
				<x:String x:Key="Type de public">Adulte</x:String>
			</Product.ModelProperties>
			<Product.Pictures>
				<ProductImage Uri="http://localhost/prestashop161/img/p/2/2/22.jpg"/>
				<ProductImage Uri="http://localhost/prestashop161/img/p/2/3/23.jpg"/>
			</Product.Pictures>
		</Product>
		<Product SellerProductId="P-0-38" BrandName="Fashion Manufacturer" ProductKind="Variant" CategoryCode="10010D01" ShortLabel="Robe en mousseline imprimée" LongLabel="Robe en mousseline imprimée (M - Vert)" Description="Robe en mousseline imprimée à bretelles, longueur genoux. Profond décolleté en V." SellerProductFamily="7_34" Size="M" SellerProductColorName="Vert" Model="SOUMISSION CREATION PRODUITS_MK" Navigation="VETEMENTS - LINGERIE / MANTEAU - VESTE / IMPERMEABLE - TRENCH - CAPE DE PLUIE - COUPE VENT / IMPERMEABLE - TRENCH - CAPE DE PLUIE - COUPE VENT">
			<Product.EanList>
				<ProductEan Ean=""/>
			</Product.EanList>
			<Product.ModelProperties>
				<x:String x:Key="Genre">Femme</x:String>
				<x:String x:Key="Type de public">Adulte</x:String>
			</Product.ModelProperties>
			<Product.Pictures>
				<ProductImage Uri="http://localhost/prestashop161/img/p/2/2/22.jpg"/>
				<ProductImage Uri="http://localhost/prestashop161/img/p/2/3/23.jpg"/>
			</Product.Pictures>
		</Product>
		<Product SellerProductId="P-0-39" BrandName="Fashion Manufacturer" ProductKind="Variant" CategoryCode="10010D01" ShortLabel="Robe en mousseline imprimée" LongLabel="Robe en mousseline imprimée (L - Vert)" Description="Robe en mousseline imprimée à bretelles, longueur genoux. Profond décolleté en V." SellerProductFamily="7_34" Size="L" SellerProductColorName="Vert" Model="SOUMISSION CREATION PRODUITS_MK" Navigation="VETEMENTS - LINGERIE / MANTEAU - VESTE / IMPERMEABLE - TRENCH - CAPE DE PLUIE - COUPE VENT / IMPERMEABLE - TRENCH - CAPE DE PLUIE - COUPE VENT">
			<Product.EanList>
				<ProductEan Ean=""/>
			</Product.EanList>
			<Product.ModelProperties>
				<x:String x:Key="Genre">Femme</x:String>
				<x:String x:Key="Type de public">Adulte</x:String>
			</Product.ModelProperties>
			<Product.Pictures>
				<ProductImage Uri="http://localhost/prestashop161/img/p/2/2/22.jpg"/>
				<ProductImage Uri="http://localhost/prestashop161/img/p/2/3/23.jpg"/>
			</Product.Pictures>
		</Product>
		<Product SellerProductId="0849803054793" BrandName="Funko" ProductKind="Standard" CategoryCode="10010D01" ShortLabel="Funko - Fun5480 - Pop - Once" LongLabel="Funko - Fun5480 - Pop - Once Upon A Time - Prince Charming" Description="Test Product" Model="SOUMISSION CREATION PRODUITS_MK" Navigation="VETEMENTS - LINGERIE / MANTEAU - VESTE / IMPERMEABLE - TRENCH - CAPE DE PLUIE - COUPE VENT / IMPERMEABLE - TRENCH - CAPE DE PLUIE - COUPE VENT">
			<Product.EanList>
				<ProductEan Ean=""/>
			</Product.EanList>
			<Product.ModelProperties>
				<x:String x:Key="Couleur principale">Violet</x:String>
				<x:String x:Key="Genre">Femme</x:String>
				<x:String x:Key="Type de public">Adulte</x:String>
			</Product.ModelProperties>
			<Product.Pictures>
				<ProductImage Uri="http://localhost/prestashop161/img/p/1/6/2/162.jpg"/>
			</Product.Pictures>
		</Product>
	</ProductCollection>
	</ProductPackage.Products>
</ProductPackage>
